{
    "rigToUse": 2,
    "targetFrameRate": 120,
    "reprojectionSettings": 0,
    "nativeShaderToUse": 0,
    "myOffsets": {
        "TranslationEyeToLeapMotion": {
            "x": -0.012467145919799805,
            "y": 0.013242945075035096,
            "z": 0.08492963016033173
        },
        "RotationEyeToLeapMotion": {
            "x": 0.01712404191493988,
            "y": 0.07901068776845932,
            "z": -0.02747887372970581,
            "w": 0.9963477849960327
        },
        "TranslationFromTracker": {
            "x": 0.0,
            "y": 0.0,
            "z": 0.0
        },
        "RotationFromTracker": {
            "x": 0.0,
            "y": 0.0,
            "z": 0.0,
            "w": 1.0
        },
        "RGBSensorTranslationFromTracker": {
            "x": 0.0010000000474974514,
            "y": -0.0017000000225380064,
            "z": -0.050999999046325687
        },
        "RGBSensorRotationFromTracker": {
            "x": 0.3269999921321869,
            "y": 0.0560000017285347,
            "z": 0.05000000074505806,
            "w": 0.9419999718666077
        }
    },
    "v2CalibrationValues": {
        "left_uv_to_rect_x": [
            -0.6313735842704773,
            1.3057860136032105,
            -0.684038519859314,
            0.3959532678127289,
            0.051620446145534518,
            -0.056910522282123569,
            0.8032193779945374,
            -0.5656535625457764,
            -0.15995407104492188,
            1.1072618961334229,
            -2.5915606021881105,
            1.6216857433319092,
            0.00529963243752718,
            -0.41292068362236025,
            1.2283735275268555,
            -0.6460171341896057
        ],
        "left_uv_to_rect_y": [
            -0.41467440128326418,
            0.19076195359230042,
            -0.40211179852485659,
            -0.013237331993877888,
            1.130399227142334,
            -0.8451436161994934,
            1.3387726545333863,
            -0.632547914981842,
            -0.6705936789512634,
            1.645561695098877,
            -2.6354432106018068,
            1.3703492879867554,
            0.5740001797676086,
            -1.291724681854248,
            1.8058758974075318,
            -0.8662494421005249
        ],
        "right_uv_to_rect_x": [
            -0.6906834840774536,
            1.8013355731964112,
            -1.094989538192749,
            0.7320345044136047,
            0.11695114523172379,
            -0.2623201906681061,
            -0.494833379983902,
            0.07158034294843674,
            -0.061667300760746,
            -0.7420985698699951,
            2.4181270599365236,
            -1.2696282863616944,
            -0.03776345029473305,
            0.5499827265739441,
            -1.5242013931274415,
            0.8839110732078552
        ],
        "right_uv_to_rect_y": [
            -0.3794015049934387,
            0.2542867958545685,
            -0.1066008061170578,
            0.200944721698761,
            1.331178069114685,
            -1.3881628513336182,
            1.6145131587982178,
            -0.5890142917633057,
            -0.8627718687057495,
            2.3786463737487795,
            -3.503403902053833,
            1.8331278562545777,
            0.567628026008606,
            -1.4873347282409669,
            2.515040636062622,
            -1.412423014640808
        ],
        "left_eye_offset": [
            0.0,
            0.0
        ],
        "right_eye_offset": [
            0.0,
            0.0
        ]
    },
    "v1CalibrationValues": {
        "leftEye": {
            "ellipseMinorAxis": 0.24494899809360505,
            "ellipseMajorAxis": 0.3099985122680664,
            "screenForward": {
                "x": 0.5140379071235657,
                "y": -0.2891080379486084,
                "z": 0.8075775504112244
            },
            "screenPosition": {
                "x": -0.07188151031732559,
                "y": -0.008429261855781079,
                "z": 0.026248455047607423
            },
            "eyePosition": {
                "x": -0.029943088069558145,
                "y": -0.003366167191416025,
                "z": -0.00427968380972743
            },
            "eyeRotation": {
                "x": 7.395533370627759e-32,
                "y": 1.7763568394002506e-15,
                "z": 1.1241009818395605e-14,
                "w": 1.0
            },
            "cameraProjection": {
                "x": -0.699999988079071,
                "y": 0.699999988079071,
                "z": 0.30000001192092898,
                "w": -1.399999976158142
            },
            "sphereToWorldSpace": {
                "e00": 0.05101080238819122,
                "e01": 0.06071346998214722,
                "e02": 0.29330453276634219,
                "e03": -0.11233785003423691,
                "e10": 0.0,
                "e11": 0.23695310950279237,
                "e12": -0.07855913043022156,
                "e13": 0.026850363239645959,
                "e20": -0.23957861959934236,
                "e21": 0.012927045114338398,
                "e22": 0.062450066208839419,
                "e23": -0.046845193952322009,
                "e30": 0.0,
                "e31": 0.0,
                "e32": 0.0,
                "e33": 1.0
            },
            "worldToScreenSpace": {
                "e00": 1.8454549312591553,
                "e01": 14.493172645568848,
                "e02": 4.013805866241455,
                "e03": 0.14946463704109193,
                "e10": -14.294207572937012,
                "e11": -0.6365562677383423,
                "e12": 8.87063980102539,
                "e13": -1.265695571899414,
                "e20": 0.5140379071235657,
                "e21": -0.2891080975532532,
                "e22": 0.8075775504112244,
                "e23": 0.013315193355083466,
                "e30": 0.0,
                "e31": 0.0,
                "e32": 0.0,
                "e33": 1.0
            }
        },
        "rightEye": {
            "ellipseMinorAxis": 0.24494899809360505,
            "ellipseMajorAxis": 0.3099985122680664,
            "screenForward": {
                "x": -0.42177313566207888,
                "y": -0.18166834115982057,
                "z": 0.8883152604103088
            },
            "screenPosition": {
                "x": 0.07054391503334046,
                "y": -0.009491059929132462,
                "z": 0.028982438147068025
            },
            "eyePosition": {
                "x": 0.029943088069558145,
                "y": -0.003366167191416025,
                "z": -0.00427968380972743
            },
            "eyeRotation": {
                "x": 7.395533370627759e-32,
                "y": 1.7763568394002506e-15,
                "z": 1.1241009818395605e-14,
                "w": 1.0
            },
            "cameraProjection": {
                "x": -0.699999988079071,
                "y": 0.699999988079071,
                "z": 0.30000001192092898,
                "w": -1.399999976158142
            },
            "sphereToWorldSpace": {
                "e00": 0.05101081356406212,
                "e01": -0.060713451355695727,
                "e02": -0.29330453276634219,
                "e03": 0.11538401991128922,
                "e10": 0.0,
                "e11": 0.23695312440395356,
                "e12": -0.07855910062789917,
                "e13": 0.025588704273104669,
                "e20": 0.23957861959934236,
                "e21": 0.0129270413890481,
                "e22": 0.062450066208839419,
                "e23": -0.04654233157634735,
                "e30": 0.0,
                "e31": 0.0,
                "e32": 0.0,
                "e33": 1.0
            },
            "worldToScreenSpace": {
                "e00": -1.1463184356689454,
                "e01": 14.899345397949219,
                "e02": 2.502774715423584,
                "e03": 0.1497398465871811,